Groesse_EN;Groesse_DE;Verhaeltnis_von;Verhaeltnis_bis;Experimentell;Flaeche_km2_min;Flaeche_km2_max;Puffer_unten_m;Zuschlag_oben_m;Wasserspiegel_m;Herkunft
Tiny;Winzig;1;1;ja;16.8;16.8;180;100;0;Original
Tiny;Winzig;2;5;ja;11.8;13.1;160;120;0;Original
Small;Klein;1;1;nein;67.1;67.1;140;80;0;Original
Small;Klein;2;5;nein;63.4;67.1;120;100;0;Original
Medium;Mittel;1;1;nein;126.9;126.9;100;50;0;Original
Medium;Mittel;2;5;nein;126.9;134.2;80;70;0;Original
Large;Gross;1;1;nein;205.5;205.5;60;30;0;Original
Large;Gross;2;5;nein;198.2;209.7;50;40;0;Original
Very Large;Sehr gross;1;1;nein;268.4;268.4;40;0;0;Original (Zeile 'Sehr Gross / Riesig')
Very Large;Sehr gross;2;5;nein;253.8;268.4;40;0;0;Original (Zeile 'Sehr Gross / Riesig')
Huge;Riesig;1;1;ja;419.4;419.4;40;0;0;Original (Zeile 'Sehr Gross / Riesig')
Huge;Riesig;2;5;ja;378.8;419.4;40;0;0;Original (Zeile 'Sehr Gross / Riesig')
Megalomaniac;Groessenwahnsinnig;1;1;ja;604.0;604.0;20;0;0;Original
Megalomaniac;Groessenwahnsinnig;2;5;ja;570.9;604.0;20;0;0;Original
Gigantomaniac;Gigantomanisch;1;1;ja;822.1;822.1;20;0;0;Extrapoliert (wie Megalomaniac, nicht getestet)
Gigantomaniac;Gigantomanisch;2;5;ja;805.3;838.9;20;0;0;Extrapoliert (wie Megalomaniac, nicht getestet)
